n_start,pulse_width,xs,groups,initial_params,final_params,uncertainties,redchi,success
1230,330,xs0,groups0,"{'thickness': 1.152488569722148, 'norm': 0.4504400911488292, 'temp': 300.0, 'p1': -2.14805206686545, 'cellulose': np.float64(0.10451339045066975), 'α': np.float64(0.8954866095493303), 'ext_l2': 0.0, 'ext_Gg2': 1.2720042369013251, 'ext_L2': 91.21870269684918, 'α0': 3.67, 'β0': 3.06, 'bg0': -0.0010838506277650595, 'bg1': -0.005661214701831341, 'bg2': 0.005149517906829715}","{'thickness': 1.0873725145996063, 'norm': 0.41662375268930885, 'temp': 300.0, 'p1': -2.1125484894866684, 'cellulose': np.float64(0.10788314377456414), 'α': np.float64(0.8921168562254359), 'ext_l2': 0.0, 'ext_Gg2': 1.2685030132464359, 'ext_L2': 91.70623687920765, 'α0': 28.160674395848172, 'β0': 11.06250287039786, 'bg0': -0.0010838506277650595, 'bg1': -0.00566121400333941, 'bg2': 0.005149517906829715}","{'thickness': None, 'norm': None, 'temp': None, 'p1': None, 'cellulose': None, 'α': None, 'ext_l2': None, 'ext_Gg2': None, 'ext_L2': None, 'α0': None, 'β0': None, 'bg0': None, 'bg1': None, 'bg2': None}",18126.337746017252,True
70,800,xs0,groups0,"{'thickness': 2.039801215182698, 'norm': 1.1319523145950126, 'temp': 300.0, 'p1': -3.1248170143687624, 'cellulose': np.float64(0.04209510584675575), 'α': np.float64(0.9579048941532442), 'ext_l2': 0.0, 'ext_Gg2': 0.5298786785529197, 'ext_L2': 1784.0513079735997, 'α0': 3.67, 'β0': 3.06, 'bg0': -6.414973177015781e-05, 'bg1': -0.00014219258446246386, 'bg2': 4.154548514634371e-05}","{'thickness': 2.0829133741355794, 'norm': 1.197253061706487, 'temp': 300.0, 'p1': -3.0947634190130824, 'cellulose': np.float64(0.04332377631709858), 'α': np.float64(0.9566762236829014), 'ext_l2': 0.0, 'ext_Gg2': 0.6140288269634864, 'ext_L2': 1737.1754230203207, 'α0': 4.401278494865583, 'β0': 4.088912613306465, 'bg0': -6.414973177015781e-05, 'bg1': -0.00014219258446246386, 'bg2': 4.154548514634371e-05}","{'thickness': None, 'norm': None, 'temp': None, 'p1': None, 'cellulose': None, 'α': None, 'ext_l2': None, 'ext_Gg2': None, 'ext_L2': None, 'α0': None, 'β0': None, 'bg0': None, 'bg1': None, 'bg2': None}",2195.816408525263,True
580,730,xs0,groups0,"{'thickness': 2.3946458196543583, 'norm': 1.3284474558662442, 'temp': 300.0, 'p1': -3.565684070820076, 'cellulose': np.float64(0.027499999999999993), 'α': np.float64(0.9725), 'ext_l2': 0.0, 'ext_Gg2': 1001.166728240338, 'ext_L2': 3.8906500047786174, 'α0': 3.67, 'β0': 3.06, 'bg0': 0.018388629774563015, 'bg1': -0.016859709401614964, 'bg2': 0.027075987891294062}","{'thickness': 2.3946456550030817, 'norm': 1.328447349175084, 'temp': 300.0, 'p1': -3.5656794911573115, 'cellulose': np.float64(0.02750012247762108), 'α': np.float64(0.972499877522379), 'ext_l2': 0.0, 'ext_Gg2': 1001.1644781485423, 'ext_L2': 3.8898831166145342, 'α0': 3.669672225127622, 'β0': 3.06018343416392, 'bg0': 0.018388526747003198, 'bg1': -0.01685984490904957, 'bg2': 0.027075911755673587}","{'thickness': 0.20083905811415695, 'norm': 0.4617961990731779, 'temp': 0, 'p1': 0.9211147611912498, 'cellulose': 0.024634169505306905, 'α': 0.024634170016553592, 'ext_l2': 0, 'ext_Gg2': 37.64470150255879, 'ext_L2': 33.69792124274249, 'α0': 1.3670723965023899, 'β0': 0.7947147608429983, 'bg0': 0.051122336184432265, 'bg1': 0.012664222155599108, 'bg2': 0.05730629513238559}",22460.247721177384,True
260,810,xs0,groups0,"{'thickness': 2.0194237506497323, 'norm': 1.0751866139256543, 'temp': 300.0, 'p1': -3.3979119243787856, 'cellulose': np.float64(0.03236078598346321), 'α': np.float64(0.9676392140165369), 'ext_l2': 0.0, 'ext_Gg2': 3.089795886384583, 'ext_L2': 346.41561798559593, 'α0': 3.67, 'β0': 3.06, 'bg0': -1.983833499252796e-06, 'bg1': -2.7245841920375824e-06, 'bg2': -1.0668300092220306e-06}","{'thickness': 2.0149227723642906, 'norm': 1.0711688886908814, 'temp': 300.0, 'p1': -3.3892671113927424, 'cellulose': np.float64(0.03263258298971316), 'α': np.float64(0.9673674170102868), 'ext_l2': 0.0, 'ext_Gg2': 3.0356989201257845, 'ext_L2': 340.26630487615785, 'α0': 4.487835340153661, 'β0': 4.033636326858768, 'bg0': -1.983833499252796e-06, 'bg1': -2.7245841920375824e-06, 'bg2': -1.0668300092220306e-06}","{'thickness': None, 'norm': None, 'temp': None, 'p1': None, 'cellulose': None, 'α': None, 'ext_l2': None, 'ext_Gg2': None, 'ext_L2': None, 'α0': None, 'β0': None, 'bg0': None, 'bg1': None, 'bg2': None}",5372.097542013536,True
420,720,xs0,groups0,"{'thickness': 2.0876906417108936, 'norm': 1.1361492471373966, 'temp': 300.0, 'p1': -3.6722936356311937, 'cellulose': np.float64(0.024788038255367857), 'α': np.float64(0.9752119617446321), 'ext_l2': 0.0, 'ext_Gg2': 5.247719606195078, 'ext_L2': 710.8776945474182, 'α0': 3.67, 'β0': 3.06, 'bg0': -2.5615212507545948e-05, 'bg1': -3.208208363503218e-05, 'bg2': -1.8500257283449173e-05}","{'thickness': 2.1057274878620835, 'norm': 1.1619348283809094, 'temp': 300.0, 'p1': -3.6671753112804844, 'cellulose': np.float64(0.024912067942218362), 'α': np.float64(0.9750879320577817), 'ext_l2': 0.0, 'ext_Gg2': 5.389712988161377, 'ext_L2': 710.0942846381963, 'α0': 2.2660683222061455, 'β0': 2.7104381261982655, 'bg0': -2.5615212507545948e-05, 'bg1': -3.208208363503218e-05, 'bg2': -1.84852397069335e-05}","{'thickness': None, 'norm': None, 'temp': None, 'p1': None, 'cellulose': None, 'α': None, 'ext_l2': None, 'ext_Gg2': None, 'ext_L2': None, 'α0': None, 'β0': None, 'bg0': None, 'bg1': None, 'bg2': None}",6019.460351236474,True
1470,140,xs0,groups0,"{'thickness': 1.9477390021757786, 'norm': 0.9677812117800975, 'temp': 300.0, 'p1': -3.764311696021066, 'cellulose': np.float64(0.02265826475132029), 'α': np.float64(0.9773417352486797), 'ext_l2': 0.0, 'ext_Gg2': 8.682343705185836, 'ext_L2': 437.8547203649497, 'α0': 3.67, 'β0': 3.06, 'bg0': -4.3959589675068855e-06, 'bg1': 1.0058283805847168e-07, 'bg2': -1.2922915630042553e-05}","{'thickness': 1.9257940279450998, 'norm': 0.9387276773749816, 'temp': 300.0, 'p1': -3.8420087430166596, 'cellulose': np.float64(0.021000009493951505), 'α': np.float64(0.9789999905060486), 'ext_l2': 0.0, 'ext_Gg2': 9.744034388200484, 'ext_L2': 1063.3942943411023, 'α0': 3.2674871189963164, 'β0': 2.8726155775369424, 'bg0': -4.3959589675068855e-06, 'bg1': 1.0058283805847168e-07, 'bg2': -1.2922915630042553e-05}","{'thickness': None, 'norm': None, 'temp': None, 'p1': None, 'cellulose': None, 'α': None, 'ext_l2': None, 'ext_Gg2': None, 'ext_L2': None, 'α0': None, 'β0': None, 'bg0': None, 'bg1': None, 'bg2': None}",987.3881312785225,True
980,700,xs0,groups0,"{'thickness': 1.907376120519849, 'norm': 0.9274353343857833, 'temp': 300.0, 'p1': -3.539245360109689, 'cellulose': np.float64(0.028215972703538265), 'α': np.float64(0.9717840272964617), 'ext_l2': 0.0, 'ext_Gg2': 1068.6424388678838, 'ext_L2': 39346.19657288568, 'α0': 3.67, 'β0': 3.06, 'bg0': -3.900425508618355e-05, 'bg1': -3.944395575672388e-05, 'bg2': 3.7616118788719177e-06}","{'thickness': 1.9973775168849444, 'norm': 1.0310430745480446, 'temp': 300.0, 'p1': -3.4398704913939433, 'cellulose': np.float64(0.031072383024244737), 'α': np.float64(0.9689276169757554), 'ext_l2': 0.0, 'ext_Gg2': 1306.4367716272136, 'ext_L2': 42464.52590411709, 'α0': 3.7672539781202103, 'β0': 2.0846593543006944, 'bg0': -3.900425508618355e-05, 'bg1': -3.944395575672388e-05, 'bg2': 3.7616118788719177e-06}","{'thickness': None, 'norm': None, 'temp': None, 'p1': None, 'cellulose': None, 'α': None, 'ext_l2': None, 'ext_Gg2': None, 'ext_L2': None, 'α0': None, 'β0': None, 'bg0': None, 'bg1': None, 'bg2': None}",8942.682081851952,True
1060,940,xs0,groups0,"{'thickness': 1.9286657994429541, 'norm': 0.9344017727000655, 'temp': 300.0, 'p1': -3.8964147439452876, 'cellulose': np.float64(0.0199101471751883), 'α': np.float64(0.9800898528248118), 'ext_l2': 0.0, 'ext_Gg2': 6714.265295384005, 'ext_L2': 2066.8328941805257, 'α0': 3.67, 'β0': 3.06, 'bg0': -2.0917505025863647e-06, 'bg1': 4.41668089479208e-06, 'bg2': -0.011207427945919335}","{'thickness': 1.928344697093915, 'norm': 0.9341014840884362, 'temp': 300.0, 'p1': -3.895708795893718, 'cellulose': np.float64(0.019923927526973837), 'α': np.float64(0.9800760724730261), 'ext_l2': 0.0, 'ext_Gg2': 6719.485390119939, 'ext_L2': 2065.520940733423, 'α0': 3.703350639327853, 'β0': 3.0856388077053847, 'bg0': -2.0917505025863647e-06, 'bg1': 4.41668089479208e-06, 'bg2': -0.011207427945919335}","{'thickness': None, 'norm': None, 'temp': None, 'p1': None, 'cellulose': None, 'α': None, 'ext_l2': None, 'ext_Gg2': None, 'ext_L2': None, 'α0': None, 'β0': None, 'bg0': None, 'bg1': None, 'bg2': None}",11788.146070844492,True
1970,340,xs0,groups0,"{'thickness': 1.8296944540858924, 'norm': 0.8205083319589663, 'temp': 300.0, 'p1': -3.5655620738221447, 'cellulose': np.float64(0.027503262845291462), 'α': np.float64(0.9724967371547085), 'ext_l2': 0.0, 'ext_Gg2': 0.7830960741150861, 'ext_L2': 25327.08126300748, 'α0': 3.67, 'β0': 3.06, 'bg0': 0.0005490672774612904, 'bg1': -0.003685718053020537, 'bg2': 0.009029281325638294}","{'thickness': 1.8282997237498877, 'norm': 0.8144649579210445, 'temp': 300.0, 'p1': -3.3997271011118038, 'cellulose': np.float64(0.03230399455079157), 'α': np.float64(0.9676960054492083), 'ext_l2': 0.0, 'ext_Gg2': 208.71305963756416, 'ext_L2': 32413.776276026263, 'α0': 4.218791534119136, 'β0': 5.182229869521692, 'bg0': 0.001350568956695497, 'bg1': -0.003556562471203506, 'bg2': 0.010717893950641155}","{'thickness': 0.17528985152733803, 'norm': 0.22084797960371425, 'temp': 0, 'p1': 0.9114524585635535, 'cellulose': 0.028492410870346423, 'α': 0.028492410308558223, 'ext_l2': 0, 'ext_Gg2': 13831406.587465694, 'ext_L2': 2148032165.1179185, 'α0': 1.4314606206654064, 'β0': 1.6796457820669881, 'bg0': 0.05733061898435639, 'bg1': 0.0185584346899377, 'bg2': 0.053377435608431854}",24444.905847775848,True
770,920,xs0,groups0,"{'thickness': 2.0895428756901486, 'norm': 1.0928515807504444, 'temp': 300.0, 'p1': -3.582558886104122, 'cellulose': np.float64(0.027052284574845587), 'α': np.float64(0.9729477154251543), 'ext_l2': 0.0, 'ext_Gg2': 883.5320877437186, 'ext_L2': 43215.646285092276, 'α0': 3.67, 'β0': 3.06, 'bg0': 0.057176945614628494, 'bg1': -0.020432114601135254, 'bg2': -0.033068768214434385}","{'thickness': 2.089542826313565, 'norm': 1.0929275568469259, 'temp': 300.0, 'p1': -3.582851123200097, 'cellulose': np.float64(0.02704459382351191), 'α': np.float64(0.972955406176488), 'ext_l2': 0.0, 'ext_Gg2': 887.6036683449084, 'ext_L2': 43414.90397510117, 'α0': 3.507017370764056, 'β0': 3.108759771138593, 'bg0': 0.05719598045106977, 'bg1': -0.020458415034227073, 'bg2': -0.033012772095389664}","{'thickness': 0.16759799792889338, 'norm': 0.19486700392000444, 'temp': 0, 'p1': 0.5785997284163539, 'cellulose': 0.015224801009440722, 'α': 0.015224800915440343, 'ext_l2': 0, 'ext_Gg2': 96453945.9548362, 'ext_L2': 4723412616.745575, 'α0': 0.661535605979093, 'β0': 0.4889077723391807, 'bg0': 0.04089943602185131, 'bg1': 0.014334968603183378, 'bg2': 0.03193383950757262}",9465.77300610056,True
1110,870,xs0,groups0,"{'thickness': 1.9862537887602598, 'norm': 0.940920401527037, 'temp': 300.0, 'p1': -3.8217785171704115, 'cellulose': np.float64(0.021419978181445063), 'α': np.float64(0.978580021818555), 'ext_l2': 0.0, 'ext_Gg2': 4576.94237437846, 'ext_L2': 0.12596382908958148, 'α0': 3.67, 'β0': 3.06, 'bg0': -0.00607067346572876, 'bg1': 0.004227895755320787, 'bg2': 0.00932853773701936}","{'thickness': 2.0438347754085977, 'norm': 0.8067975917323246, 'temp': 300.0, 'p1': -6.831007239352077, 'cellulose': np.float64(0.0010786053372048344), 'α': np.float64(0.9989213946627952), 'ext_l2': 0.0, 'ext_Gg2': 4576.318281226719, 'ext_L2': 1.6052860228321642, 'α0': 82.3222094548641, 'β0': 6.641016096484636, 'bg0': -0.014003957970999181, 'bg1': 0.0038816132582724094, 'bg2': 0.03768245119135827}","{'thickness': 1.9056491762558557e-06, 'norm': 0.11234409193366768, 'temp': 0, 'p1': 16.02528194388755, 'cellulose': 0.017266310996654325, 'α': 0.01726629660738741, 'ext_l2': 0, 'ext_Gg2': 4.9877718566328975, 'ext_L2': 22.137239355269074, 'α0': 9406.0976836645, 'β0': 1.2415914022817383, 'bg0': 0.02597177999449426, 'bg1': 0.010709753777341922, 'bg2': 0.022713332263846087}",21784.227377864823,True
200,930,xs0,groups0,"{'thickness': 2.1016222306839767, 'norm': 1.2129578614332626, 'temp': 300.0, 'p1': -3.165021504044857, 'cellulose': np.float64(0.0405034523358204), 'α': np.float64(0.9594965476641795), 'ext_l2': 0.0, 'ext_Gg2': 3277.819170596971, 'ext_L2': 0.5181268642462378, 'α0': 3.67, 'β0': 3.06, 'bg0': -1.393596176058054e-05, 'bg1': -2.478831447660923e-05, 'bg2': 7.152557373046875e-07}","{'thickness': 2.108837756215983, 'norm': 1.227683652682945, 'temp': 300.0, 'p1': -3.1659812217478134, 'cellulose': np.float64(0.040466171344224325), 'α': np.float64(0.9595338286557756), 'ext_l2': 0.0, 'ext_Gg2': 3276.354219944241, 'ext_L2': 0.5835364955686373, 'α0': 1.925665604455274, 'β0': 3.14315198047483, 'bg0': -1.393596176058054e-05, 'bg1': -2.478831447660923e-05, 'bg2': 7.152557373046875e-07}","{'thickness': None, 'norm': None, 'temp': None, 'p1': None, 'cellulose': None, 'α': None, 'ext_l2': None, 'ext_Gg2': None, 'ext_L2': None, 'α0': None, 'β0': None, 'bg0': None, 'bg1': None, 'bg2': None}",6004.593541329209,True
1710,940,xs0,groups0,"{'thickness': 1.9627058807017927, 'norm': 0.9224155029818655, 'temp': 300.0, 'p1': -4.061173534204839, 'cellulose': np.float64(0.01693698493998287), 'α': np.float64(0.9830630150600173), 'ext_l2': 0.0, 'ext_Gg2': 378.37130180566834, 'ext_L2': 68641.34212727835, 'α0': 3.67, 'β0': 3.06, 'bg0': 0.0011536438250914216, 'bg1': -0.0018490114016458392, 'bg2': 0.006738858763128519}","{'thickness': 1.962673997210709, 'norm': 0.9205732403447553, 'temp': 300.0, 'p1': -4.057019772333973, 'cellulose': np.float64(0.017006284540042958), 'α': np.float64(0.9829937154599571), 'ext_l2': 0.0, 'ext_Gg2': 389.70381971469845, 'ext_L2': 70694.26771289589, 'α0': 4.470430571338243, 'β0': 3.1974402827291692, 'bg0': 0.0012225647224113345, 'bg1': -0.0019283904694020748, 'bg2': 0.006974957068450749}","{'thickness': 0.1196749255219798, 'norm': 0.1416761722794188, 'temp': 0, 'p1': 0.8829601986853345, 'cellulose': 0.014760508172841559, 'α': 0.014760508375532404, 'ext_l2': 0, 'ext_Gg2': 59222548.59892124, 'ext_L2': 10739591889.066946, 'α0': 0.8998448849336135, 'β0': 0.45575433600706744, 'bg0': 0.034723024815990294, 'bg1': 0.012525617345837795, 'bg2': 0.02728432234723024}",18396.240137245517,True
110,670,xs0,groups0,"{'thickness': 1.9767574977278115, 'norm': 0.9997805994628213, 'temp': 300.0, 'p1': -3.384394383116666, 'cellulose': np.float64(0.03278675460036831), 'α': np.float64(0.9672132453996316), 'ext_l2': 0.0, 'ext_Gg2': 948.1176849096296, 'ext_L2': 30170.327895794602, 'α0': 3.67, 'β0': 3.06, 'bg0': -3.6670826375484467e-08, 'bg1': -0.0008822466479614377, 'bg2': 0.0031942131463438272}","{'thickness': 1.988745286093812, 'norm': 1.0051778448046904, 'temp': 300.0, 'p1': -3.425043051855024, 'cellulose': np.float64(0.03152190842850668), 'α': np.float64(0.9684780915714933), 'ext_l2': 0.0, 'ext_Gg2': 948.1085322612598, 'ext_L2': 27915.894812534316, 'α0': 2.9996309273320025, 'β0': 3.22232957772325, 'bg0': -3.6670826375484467e-08, 'bg1': -0.0012326317373663187, 'bg2': 0.004489528946578503}","{'thickness': 0.0034271157316126243, 'norm': 0.18410415776839345, 'temp': 0, 'p1': 0.7312019653628655, 'cellulose': 0.02232233663184663, 'α': 0.022322335935958403, 'ext_l2': 0, 'ext_Gg2': 794530903.7895583, 'ext_L2': 23416222960.746727, 'α0': 0.7997967095027212, 'β0': 0.8044620642748272, 'bg0': 2.581803665524259e-12, 'bg1': 0.006907535317829697, 'bg2': 0.024928713761127774}",2129.680162351899,True
250,640,xs0,groups0,"{'thickness': 1.9465225600810345, 'norm': 0.9622099139458902, 'temp': 300.0, 'p1': -3.7233599863984423, 'cellulose': np.float64(0.023583084033986828), 'α': np.float64(0.9764169159660132), 'ext_l2': 0.0, 'ext_Gg2': 9999.994140478568, 'ext_L2': 21677.434353317316, 'α0': 3.67, 'β0': 3.06, 'bg0': -1.0104035027325153e-05, 'bg1': -2.8604408726096153e-06, 'bg2': -2.168235369026661e-05}","{'thickness': 1.9348338797912952, 'norm': 0.9491163793244616, 'temp': 300.0, 'p1': -3.7531822036588274, 'cellulose': np.float64(0.022906039652492344), 'α': np.float64(0.9770939603475077), 'ext_l2': 0.0, 'ext_Gg2': 6868.957279465254, 'ext_L2': 301.11196562410123, 'α0': 3.6647058548524063, 'β0': 3.239980637558265, 'bg0': -1.0104035027325153e-05, 'bg1': -2.8604408726096153e-06, 'bg2': -2.168235369026661e-05}","{'thickness': None, 'norm': None, 'temp': None, 'p1': None, 'cellulose': None, 'α': None, 'ext_l2': None, 'ext_Gg2': None, 'ext_L2': None, 'α0': None, 'β0': None, 'bg0': None, 'bg1': None, 'bg2': None}",3134.7016300483256,True
1800,700,xs0,groups0,"{'thickness': 1.9631408299575877, 'norm': 0.9712368067108794, 'temp': 300.0, 'p1': -3.867441038702209, 'cellulose': np.float64(0.020483467092426523), 'α': np.float64(0.9795165329075735), 'ext_l2': 0.0, 'ext_Gg2': 2011.3569014898997, 'ext_L2': 9867.591373807938, 'α0': 3.67, 'β0': 3.06, 'bg0': 3.293564077466726e-05, 'bg1': -0.0006314710481092334, 'bg2': 0.0004715783288702369}","{'thickness': 2.0393406886421315, 'norm': 1.0575891342667254, 'temp': 300.0, 'p1': -3.8340917537745636, 'cellulose': np.float64(0.021163393686099423), 'α': np.float64(0.9788366063139007), 'ext_l2': 0.0, 'ext_Gg2': 2414.538481963688, 'ext_L2': 10958.875178266047, 'α0': 2.648177250338302, 'β0': 1.869419549192714, 'bg0': 3.293564077466726e-05, 'bg1': -0.0006314710481092334, 'bg2': 0.0004715783288702369}","{'thickness': None, 'norm': None, 'temp': None, 'p1': None, 'cellulose': None, 'α': None, 'ext_l2': None, 'ext_Gg2': None, 'ext_L2': None, 'α0': None, 'β0': None, 'bg0': None, 'bg1': None, 'bg2': None}",13942.579462416295,True
1440,450,xs0,groups0,"{'thickness': 2.0886677391888577, 'norm': 0.9832313143885547, 'temp': 300.0, 'p1': -4.014768915899946, 'cellulose': np.float64(0.01772719949658485), 'α': np.float64(0.9822728005034151), 'ext_l2': 0.0, 'ext_Gg2': 192.28749771118214, 'ext_L2': 268310.88883786515, 'α0': 3.67, 'β0': 3.06, 'bg0': -0.05151086172554642, 'bg1': 0.014961680513806641, 'bg2': 0.053799519781023264}","{'thickness': 2.2218535113404365, 'norm': 1.2563204304204554, 'temp': 300.0, 'p1': -3.394276265455659, 'cellulose': np.float64(0.03247482518852196), 'α': np.float64(0.967525174811478), 'ext_l2': 0.0, 'ext_Gg2': 200.93478049850287, 'ext_L2': 325654.16125719127, 'α0': 3.2531302799477695, 'β0': 2.1409518610090736, 'bg0': -0.015189357101917267, 'bg1': 0.004917101818136871, 'bg2': 0.01849345548544079}","{'thickness': 0.3206443200538459, 'norm': 0.5765034866857935, 'temp': 0, 'p1': 1.0786107376467504, 'cellulose': 0.03389017692522441, 'α': 0.03389017603737577, 'ext_l2': 0, 'ext_Gg2': 5854305.181478418, 'ext_L2': 9461670400.947086, 'α0': 0.8583968183607101, 'β0': 0.3840818730298984, 'bg0': 0.0591617806841758, 'bg1': 0.01351422375632935, 'bg2': 0.06293470083582209}",12595.976133029952,True
1020,360,xs0,groups0,"{'thickness': 2.0793697056316973, 'norm': 1.150811011979741, 'temp': 300.0, 'p1': -3.2963459321278314, 'cellulose': np.float64(0.035696758243372144), 'α': np.float64(0.9643032417566277), 'ext_l2': 0.0, 'ext_Gg2': 39.4260051562767, 'ext_L2': 971445.2833349671, 'α0': 3.67, 'β0': 3.06, 'bg0': -2.0333100110292435e-06, 'bg1': -5.491427145898342e-06, 'bg2': 3.9458973333239555e-06}","{'thickness': 2.082119316309666, 'norm': 1.1508858961194133, 'temp': 300.0, 'p1': -3.343983484860175, 'cellulose': np.float64(0.03409273612100387), 'α': np.float64(0.9659072638789961), 'ext_l2': 0.0, 'ext_Gg2': 34.12632258701309, 'ext_L2': 999505.8965389085, 'α0': 2.2782271210798, 'β0': 2.317452013840265, 'bg0': -2.0333100110292435e-06, 'bg1': -5.491427145898342e-06, 'bg2': 3.9458973333239555e-06}","{'thickness': None, 'norm': None, 'temp': None, 'p1': None, 'cellulose': None, 'α': None, 'ext_l2': None, 'ext_Gg2': None, 'ext_L2': None, 'α0': None, 'β0': None, 'bg0': None, 'bg1': None, 'bg2': None}",7670.685276664066,True
1380,590,xs0,groups0,"{'thickness': 2.306544605745766, 'norm': 1.0179081150607614, 'temp': 300.0, 'p1': -7.338897184425639, 'cellulose': np.float64(0.0006493447761890395), 'α': np.float64(0.9993506552238111), 'ext_l2': 0.0, 'ext_Gg2': 233.66345826934142, 'ext_L2': 209672.78234068208, 'α0': 3.67, 'β0': 3.06, 'bg0': 0.011547848931513727, 'bg1': -0.009911362896673381, 'bg2': 0.031160819227807224}","{'thickness': 2.2534545633893845, 'norm': 1.0040032530875997, 'temp': 300.0, 'p1': -11.176293067540719, 'cellulose': np.float64(1.4002046370838316e-05), 'α': np.float64(0.9999859979536292), 'ext_l2': 0.0, 'ext_Gg2': 271.06314566444746, 'ext_L2': 240124.45538979265, 'α0': 2.8865584492137595, 'β0': 1.974714030699821, 'bg0': 0.01146910188253969, 'bg1': -0.013353627291508019, 'bg2': 0.030674337525852025}","{'thickness': 0.22468426563711774, 'norm': 0.23759659300358296, 'temp': 0, 'p1': 1264.7149120738209, 'cellulose': 0.017708348906029306, 'α': 0.017707869278340997, 'ext_l2': 0, 'ext_Gg2': 38821390.16992334, 'ext_L2': 34501349670.62987, 'α0': 0.7371911699821402, 'β0': 0.34459448895831235, 'bg0': 0.031740049250617276, 'bg1': 0.019575980798256672, 'bg2': 1.2073388758416117e-06}",16488.927700182005,True
1500,340,xs0,groups0,"{'thickness': 1.733204851304753, 'norm': 0.7847461954851797, 'temp': 300.0, 'p1': -3.1593285694600066, 'cellulose': np.float64(0.04072527607847318), 'α': np.float64(0.9592747239215268), 'ext_l2': 0.0, 'ext_Gg2': 240.50548882227574, 'ext_L2': 30872.379184830046, 'α0': 3.67, 'β0': 3.06, 'bg0': 0.001431857468560338, 'bg1': -0.0009887517662718892, 'bg2': 0.0003153211437165737}","{'thickness': 1.7505845903810862, 'norm': 0.8015823133641918, 'temp': 300.0, 'p1': -3.127311850751859, 'cellulose': np.float64(0.041994621135692745), 'α': np.float64(0.9580053788643071), 'ext_l2': 0.0, 'ext_Gg2': 276.0117588658484, 'ext_L2': 35414.51530549933, 'α0': 5.7506649433682275, 'β0': 5.40722132850757, 'bg0': 0.0014318566536530852, 'bg1': -0.0013962429948151112, 'bg2': 0.0012988026719540358}","{'thickness': 0.10610715005002239, 'norm': 0.14850612129949445, 'temp': 0, 'p1': 0.4405879719490467, 'cellulose': 0.017725326874224206, 'α': 0.01772532697263049, 'ext_l2': 0, 'ext_Gg2': 54980908.53996737, 'ext_L2': 7036988998.170753, 'α0': 1.970714497403727, 'β0': 1.595141128418451, 'bg0': 0.010511003191853338, 'bg1': 0.010063277814649415, 'bg2': 0.009305004720310676}",16188.043599730574,True
870,380,xs0,groups0,"{'thickness': 1.9571154692952848, 'norm': 0.9716954326059218, 'temp': 300.0, 'p1': -3.4713461806033763, 'cellulose': np.float64(0.030138607362163262), 'α': np.float64(0.9698613926378368), 'ext_l2': 0.0, 'ext_Gg2': 20.529780855758073, 'ext_L2': 236724.59726114763, 'α0': 3.67, 'β0': 3.06, 'bg0': 0.010977592784911394, 'bg1': -0.002143463003449142, 'bg2': -0.006906892405822873}","{'thickness': 1.951420390710954, 'norm': 0.95652231080554, 'temp': 300.0, 'p1': -3.456988228260336, 'cellulose': np.float64(0.030561137444111264), 'α': np.float64(0.9694388625558887), 'ext_l2': 0.0, 'ext_Gg2': 18.524842948198227, 'ext_L2': 366598.4862415025, 'α0': 53.3241861835247, 'β0': 5.1943259830635835, 'bg0': 0.01222215814050287, 'bg1': -0.002555081620812416, 'bg2': -0.006543110706843436}","{'thickness': 0.11003686405705364, 'norm': 1.3821066765277738e-05, 'temp': 0, 'p1': 0.3589321789717408, 'cellulose': 0.010634139061288081, 'α': 0.010634138795370337, 'ext_l2': 0, 'ext_Gg2': 42823.374408460666, 'ext_L2': 853189878.6421605, 'α0': 448.1671067800054, 'β0': 0.814571602995573, 'bg0': 0.02762597018679124, 'bg1': 0.01162011149869328, 'bg2': 0.01808055302845951}",6326.764192065453,True
520,610,xs0,groups0,"{'thickness': 1.8905333148302164, 'norm': 0.8458284534347033, 'temp': 300.0, 'p1': -4.087420805821724, 'cellulose': np.float64(0.01650546073262019), 'α': np.float64(0.9834945392673797), 'ext_l2': 0.0, 'ext_Gg2': 959.1079759477423, 'ext_L2': 30540.707734410254, 'α0': 3.67, 'β0': 3.06, 'bg0': -0.03954625641927123, 'bg1': 0.013528997893445194, 'bg2': 0.033190590678714216}","{'thickness': 1.889906646087042, 'norm': 0.7564590361692151, 'temp': 300.0, 'p1': -5.702422957856063, 'cellulose': np.float64(0.0033267638388535313), 'α': np.float64(0.9966732361611464), 'ext_l2': 0.0, 'ext_Gg2': 1026.803111949111, 'ext_L2': 32620.18568859193, 'α0': 5.766297740824674, 'β0': 4.207186346928794, 'bg0': -0.041832731338217854, 'bg1': 0.011685657314956188, 'bg2': 0.04775275243446231}","{'thickness': 0.2472975931224469, 'norm': 0.25177555162565535, 'temp': 0, 'p1': 9.591449056266207, 'cellulose': 0.031802333809601416, 'α': 0.03180233772580207, 'ext_l2': 0, 'ext_Gg2': 0.054361149144370374, 'ext_L2': 96193.8061831161, 'α0': 1.6898015105978756, 'β0': 0.8188078731360829, 'bg0': 0.040584618736184, 'bg1': 0.013282169882959832, 'bg2': 0.03816475750659724}",4748.213276586749,True
1430,620,xs0,groups0,"{'thickness': 1.8939438023245436, 'norm': 0.8835826762772451, 'temp': 300.0, 'p1': -4.156972245331861, 'cellulose': np.float64(0.0154135874433138), 'α': np.float64(0.9845864125566861), 'ext_l2': 0.0, 'ext_Gg2': 3.27322253445117, 'ext_L2': 731.422550245886, 'α0': 3.67, 'β0': 3.06, 'bg0': 0.28036288311704993, 'bg1': -0.08298332430422306, 'bg2': -0.22895275556948036}","{'thickness': 1.8915847429268953, 'norm': 0.8986406653762159, 'temp': 300.0, 'p1': -3.8271553839228076, 'cellulose': np.float64(0.021307562348659045), 'α': np.float64(0.9786924376513411), 'ext_l2': 0.0, 'ext_Gg2': 2.647217049631667, 'ext_L2': 1016.0633651939421, 'α0': 3.5796199040871906, 'β0': 3.337543283851543, 'bg0': 0.2804065919481218, 'bg1': -0.08282536035403609, 'bg2': -0.22937513061333448}","{'thickness': 0.05421881748050133, 'norm': 0.06190349157247056, 'temp': 0, 'p1': 0.18081935716640796, 'cellulose': 0.003770725522217, 'α': 0.003770725566218649, 'ext_l2': 0, 'ext_Gg2': 0.775781073993139, 'ext_L2': 158.77354030643235, 'α0': 0.5445925029538685, 'β0': 0.4097148437202618, 'bg0': 0.05565792034832296, 'bg1': 0.01683931061706827, 'bg2': 0.04575477472282637}",11708.626558567286,True
2140,250,xs0,groups0,"{'thickness': 2.1452680397366266, 'norm': 1.0644946609370998, 'temp': 300.0, 'p1': -3.563287853927923, 'cellulose': np.float64(0.027564156433526242), 'α': np.float64(0.9724358435664737), 'ext_l2': 0.0, 'ext_Gg2': 22.505827310314032, 'ext_L2': 5.081986742760947, 'α0': 3.67, 'β0': 3.06, 'bg0': 0.15976717753801495, 'bg1': -0.05830178747419268, 'bg2': -0.08808320458047092}","{'thickness': 2.1454235929082763, 'norm': 1.064323221621494, 'temp': 300.0, 'p1': -3.562185005897275, 'cellulose': np.float64(0.027593732991415598), 'α': np.float64(0.9724062670085843), 'ext_l2': 0.0, 'ext_Gg2': 22.505813160275668, 'ext_L2': 5.081953153907026, 'α0': 3.67087954448295, 'β0': 3.079107882001537, 'bg0': 0.15973122091963887, 'bg1': -0.05833502928726375, 'bg2': -0.088121053064242}","{'thickness': 0.1584347702935394, 'norm': 0.2470885969104374, 'temp': 0, 'p1': 0.7040153584262159, 'cellulose': 0.018890364578792982, 'α': 0.018890365384067305, 'ext_l2': 0, 'ext_Gg2': 0.0031921363285194767, 'ext_L2': 0.012728389431496841, 'α0': 0.8814285674956693, 'β0': 0.5305096397033195, 'bg0': 0.04599939674869315, 'bg1': 0.01343041843010353, 'bg2': 0.04193753823973734}",12168.449624435068,True
2580,820,xs0,groups0,"{'thickness': 2.0146166106892363, 'norm': 1.0482484983246503, 'temp': 300.0, 'p1': -3.565684070820076, 'cellulose': np.float64(0.027499999999999993), 'α': np.float64(0.9725), 'ext_l2': 0.0, 'ext_Gg2': 203.57891828980513, 'ext_L2': 64841.48803323381, 'α0': 3.67, 'β0': 3.06, 'bg0': -0.0435256427153945, 'bg1': 0.02009784209076315, 'bg2': 0.022194026154465973}","{'thickness': 2.011595499586479, 'norm': 1.031845877700245, 'temp': 300.0, 'p1': -3.6288003738304724, 'cellulose': np.float64(0.02586144307785894), 'α': np.float64(0.9741385569221411), 'ext_l2': 0.0, 'ext_Gg2': 302.56875843409523, 'ext_L2': 95700.10722309274, 'α0': 23.014855708450774, 'β0': 4.5478056276388905, 'bg0': -0.04423299850896001, 'bg1': 0.020199960796162486, 'bg2': 0.019160322612151504}","{'thickness': 0.07240577888339886, 'norm': 0.08848414453443175, 'temp': 0, 'p1': 0.1608691742246476, 'cellulose': 0.004052717395739755, 'α': 0.004052717633138124, 'ext_l2': 0, 'ext_Gg2': 0.03490420684233865, 'ext_L2': 3161887.966706615, 'α0': 22.26069939393746, 'β0': 0.677623788210751, 'bg0': 0.292551150220155, 'bg1': 0.0784632068539445, 'bg2': 0.270221142412083}",37495.05715132528,True
2570,440,xs0,groups0,"{'thickness': 0.8810677832256639, 'norm': 0.28596953924937607, 'temp': 300.0, 'p1': -3.5663998080394386, 'cellulose': np.float64(0.027480864974751055), 'α': np.float64(0.972519135025249), 'ext_l2': 0.0, 'ext_Gg2': 0.0032663548338307535, 'ext_L2': 280806.1706446814, 'α0': 3.67, 'β0': 3.06, 'bg0': -3.9018446006812155, 'bg1': 1.0081734331324697, 'bg2': 2.384590136935003}","{'thickness': 1.1017634206678735, 'norm': 0.3589889234600899, 'temp': 300.0, 'p1': -4.647166647722139, 'cellulose': np.float64(0.009497661207734546), 'α': np.float64(0.9905023387922655), 'ext_l2': 0.0, 'ext_Gg2': 0.00996989699131312, 'ext_L2': 280877.1219006557, 'α0': 4.481303744642894, 'β0': 6.329637033023438, 'bg0': -3.9018446006812155, 'bg1': 1.0081734331324697, 'bg2': 2.384590136935003}","{'thickness': None, 'norm': None, 'temp': None, 'p1': None, 'cellulose': None, 'α': None, 'ext_l2': None, 'ext_Gg2': None, 'ext_L2': None, 'α0': None, 'β0': None, 'bg0': None, 'bg1': None, 'bg2': None}",27420.086654886123,True
1540,610,xs0,groups0,"{'thickness': 2.138882339971654, 'norm': 0.9458541135946817, 'temp': 300.0, 'p1': -4.0893066009508825, 'cellulose': np.float64(0.01647487645771282), 'α': np.float64(0.9835251235422872), 'ext_l2': 0.0, 'ext_Gg2': 601.4496257516172, 'ext_L2': 59420.53007229952, 'α0': 3.67, 'β0': 3.06, 'bg0': -0.023091864539310336, 'bg1': 0.01176679867785424, 'bg2': 0.03626593097578734}","{'thickness': 2.162506440744719, 'norm': 0.8605096281333386, 'temp': 300.0, 'p1': -5.357194730912523, 'cellulose': np.float64(0.004691993346646599), 'α': np.float64(0.9953080066533535), 'ext_l2': 0.0, 'ext_Gg2': 672.5245347238756, 'ext_L2': 64527.7531208619, 'α0': 6.889964823032639, 'β0': 4.485439234088236, 'bg0': -0.0219523188425228, 'bg1': 0.008856920059770346, 'bg2': 0.047356812516227365}","{'thickness': 0.16544235578306668, 'norm': 0.22656410179109263, 'temp': 0, 'p1': 5.267776818614818, 'cellulose': 0.024600404683863278, 'α': 0.024600400820426103, 'ext_l2': 0, 'ext_Gg2': 904697350.4413066, 'ext_L2': 86840728919.25047, 'α0': 2.2840853518359596, 'β0': 0.8734895381754989, 'bg0': 7.149165267898664e-07, 'bg1': 0.00905197017078303, 'bg2': 0.017389650514040074}",12905.167403722278,True
1730,870,xs0,groups0,"{'thickness': 2.302693542545547, 'norm': 1.2357033972546616, 'temp': 300.0, 'p1': -3.322037739545431, 'cellulose': np.float64(0.0348228546910763), 'α': np.float64(0.9651771453089237), 'ext_l2': 0.0, 'ext_Gg2': 1085.0368793497778, 'ext_L2': 14728.136961599026, 'α0': 3.67, 'β0': 3.06, 'bg0': 0.04567340132780373, 'bg1': -0.009165099123492837, 'bg2': -0.017496215412393212}","{'thickness': 2.339253184225173, 'norm': 1.0144652838512447, 'temp': 300.0, 'p1': -4.638172979289715, 'cellulose': np.float64(0.009582643061987993), 'α': np.float64(0.9904173569380119), 'ext_l2': 0.0, 'ext_Gg2': 1661.4266572365061, 'ext_L2': 27294.67279492137, 'α0': 207.46283698412034, 'β0': 4.84563595112055, 'bg0': 0.04755606024991721, 'bg1': -0.01800368749536574, 'bg2': 0.007255452917888761}","{'thickness': 0.30460842901875906, 'norm': 0.3825226683967982, 'temp': 0, 'p1': 2.6411827520234685, 'cellulose': 0.02506697957830695, 'α': 0.025066979081116342, 'ext_l2': 0, 'ext_Gg2': 0.12794171040745458, 'ext_L2': 99047.59496042176, 'α0': 3622759213.418678, 'β0': 1.0967227944915434, 'bg0': 0.04235140220925762, 'bg1': 0.013176235950460264, 'bg2': 0.035298024789773}",34735.529279781964,True
3600,930,xs0,groups0,"{'thickness': 1.7959745125393212, 'norm': 0.8234457042108687, 'temp': 300.0, 'p1': -3.5661394196047915, 'cellulose': np.float64(0.027487824885652993), 'α': np.float64(0.9725121751143471), 'ext_l2': 0.0, 'ext_Gg2': 0.2725289431343425, 'ext_L2': 310.8183273642928, 'α0': 3.67, 'β0': 3.06, 'bg0': -8.541392162442207e-07, 'bg1': -1.1387746781110764e-06, 'bg2': -4.076864570379257e-07}","{'thickness': 1.9161926228677764, 'norm': 0.9266406751926216, 'temp': 300.0, 'p1': -3.7781674417659783, 'cellulose': np.float64(0.022353451979226304), 'α': np.float64(0.9776465480207738), 'ext_l2': 0.0, 'ext_Gg2': 0.27289325364276973, 'ext_L2': 310.8871217351039, 'α0': 2.300003009671671, 'β0': 3.2633233186573993, 'bg0': -8.541392162442207e-07, 'bg1': -1.1387746781110764e-06, 'bg2': -4.076864570379257e-07}","{'thickness': None, 'norm': None, 'temp': None, 'p1': None, 'cellulose': None, 'α': None, 'ext_l2': None, 'ext_Gg2': None, 'ext_L2': None, 'α0': None, 'β0': None, 'bg0': None, 'bg1': None, 'bg2': None}",70091.24647001238,True
2640,950,xs0,groups0,"{'thickness': 2.0016785037045333, 'norm': 1.0158863861603373, 'temp': 300.0, 'p1': -3.8670748883269095, 'cellulose': np.float64(0.020490814784979484), 'α': np.float64(0.9795091852150206), 'ext_l2': 0.0, 'ext_Gg2': 61.843086748200605, 'ext_L2': 208930.72387279404, 'α0': 3.67, 'β0': 3.06, 'bg0': -2.8401846066117287e-06, 'bg1': -9.784707799553871e-07, 'bg2': -7.165246643126011e-06}","{'thickness': 2.0289627111792683, 'norm': 1.047790054882937, 'temp': 300.0, 'p1': -3.859195198172346, 'cellulose': np.float64(0.020649566587328094), 'α': np.float64(0.979350433412672), 'ext_l2': 0.0, 'ext_Gg2': 55.256910014903625, 'ext_L2': 257873.99039582294, 'α0': 2.9032427033927775, 'β0': 2.423320514742496, 'bg0': -2.8401846066117287e-06, 'bg1': -9.784707799553871e-07, 'bg2': -7.165246643126011e-06}","{'thickness': None, 'norm': None, 'temp': None, 'p1': None, 'cellulose': None, 'α': None, 'ext_l2': None, 'ext_Gg2': None, 'ext_L2': None, 'α0': None, 'β0': None, 'bg0': None, 'bg1': None, 'bg2': None}",31837.037355696342,True
2060,880,xs0,groups0,"{'thickness': 1.9972417146173604, 'norm': 0.999925954380834, 'temp': 300.0, 'p1': -3.6760689330814937, 'cellulose': np.float64(0.024696939303115777), 'α': np.float64(0.9753030606968841), 'ext_l2': 0.0, 'ext_Gg2': 1718.419981753242, 'ext_L2': 16217.57796553469, 'α0': 3.67, 'β0': 3.06, 'bg0': -0.04364221019204706, 'bg1': 0.014550084248185158, 'bg2': 0.032564556575380266}","{'thickness': 1.9977370770040674, 'norm': 0.9934269085856893, 'temp': 300.0, 'p1': -3.7856235202475546, 'cellulose': np.float64(0.022191087508659394), 'α': np.float64(0.9778089124913405), 'ext_l2': 0.0, 'ext_Gg2': 1591.3185430120996, 'ext_L2': 15025.949893909152, 'α0': 2.2283344439971735, 'β0': 2.6333154282271507, 'bg0': -0.04464809503406286, 'bg1': 0.014115517027676105, 'bg2': 0.0348134032683447}","{'thickness': 0.12961852376834015, 'norm': 0.22500470490780772, 'temp': 0, 'p1': 0.8078192729009469, 'cellulose': 0.017528582119765667, 'α': 0.01752858199555556, 'ext_l2': 0, 'ext_Gg2': 84055491.52285728, 'ext_L2': 795418764.6668146, 'α0': 0.3879541180100031, 'β0': 0.5023809910856273, 'bg0': 0.04328100079221783, 'bg1': 0.013353938263203633, 'bg2': 0.03846283316739481}",42276.87806674001,True
3270,340,xs0,groups0,"{'thickness': 1.7852908480744578, 'norm': 0.7796187227282237, 'temp': 300.0, 'p1': -3.565684070820076, 'cellulose': np.float64(0.027499999999999993), 'α': np.float64(0.9725), 'ext_l2': 0.0, 'ext_Gg2': 98.6490610422247, 'ext_L2': 4.257417374697869, 'α0': 3.67, 'β0': 3.06, 'bg0': -0.014803675119765103, 'bg1': 0.0010326619958505034, 'bg2': 0.021498912596143782}","{'thickness': 1.7852903977537438, 'norm': 0.7783646275569654, 'temp': 300.0, 'p1': -3.510165146129509, 'cellulose': np.float64(0.029024381331615657), 'α': np.float64(0.9709756186683842), 'ext_l2': 0.0, 'ext_Gg2': 98.5380407162717, 'ext_L2': 4.2743903182485, 'α0': 3.3839497696862755, 'β0': 4.265096550930839, 'bg0': -0.014492394751869142, 'bg1': 0.00024627719540148973, 'bg2': 0.02313527325168252}","{'thickness': 0.10138628752354188, 'norm': 0.1930723972602974, 'temp': 0, 'p1': 0.8848416807005136, 'cellulose': 0.024936578678089415, 'α': 0.02493657923566246, 'ext_l2': 0, 'ext_Gg2': 0.16998246539286752, 'ext_L2': 0.3197120310717515, 'α0': 0.9172074407490662, 'β0': 1.2132449392269797, 'bg0': 0.08638588969752369, 'bg1': 0.031010035134399504, 'bg2': 0.06703140942321842}",39595.52914884594,True
2740,670,xs0,groups0,"{'thickness': 1.3671826274733987, 'norm': 0.531170969183218, 'temp': 300.0, 'p1': -2.828802345922922, 'cellulose': np.float64(0.05578745105769501), 'α': np.float64(0.944212548942305), 'ext_l2': 0.0, 'ext_Gg2': 0.0020297934483215485, 'ext_L2': 183020.2820128251, 'α0': 3.67, 'β0': 3.06, 'bg0': -3.077206201851368e-06, 'bg1': -7.703318260610104e-06, 'bg2': 4.4619664549827576e-06}","{'thickness': 1.4828253164053964, 'norm': 0.6150842902330331, 'temp': 300.0, 'p1': -2.780359980513561, 'cellulose': np.float64(0.058394758935032744), 'α': np.float64(0.9416052410649673), 'ext_l2': 0.0, 'ext_Gg2': 0.0015603339970082786, 'ext_L2': 182986.90108779754, 'α0': 3.6740746311478722, 'β0': 7.556628013849971, 'bg0': -3.077206201851368e-06, 'bg1': -7.703318260610104e-06, 'bg2': 4.4619664549827576e-06}","{'thickness': None, 'norm': None, 'temp': None, 'p1': None, 'cellulose': None, 'α': None, 'ext_l2': None, 'ext_Gg2': None, 'ext_L2': None, 'α0': None, 'β0': None, 'bg0': None, 'bg1': None, 'bg2': None}",77995.53813139584,True
2770,760,xs0,groups0,"{'thickness': 2.0151744960265594, 'norm': 0.9526073212158963, 'temp': 300.0, 'p1': -4.143936989090353, 'cellulose': np.float64(0.015612665304122631), 'α': np.float64(0.9843873346958774), 'ext_l2': 0.0, 'ext_Gg2': 77.33454058540423, 'ext_L2': 689753.2190805157, 'α0': 3.67, 'β0': 3.06, 'bg0': 0.0030750472797080874, 'bg1': -0.003878595307469368, 'bg2': 0.00916406768374145}","{'thickness': 2.0276944029154236, 'norm': 0.9243906545711188, 'temp': 300.0, 'p1': -4.542877476831187, 'cellulose': np.float64(0.010530663127397841), 'α': np.float64(0.9894693368726022), 'ext_l2': 0.0, 'ext_Gg2': 79.08682934256728, 'ext_L2': 709362.5193038564, 'α0': 3.2844116975050524, 'β0': 2.7219037039235907, 'bg0': 0.004517677356489003, 'bg1': -0.0057477958034724, 'bg2': 0.013690777588635683}","{'thickness': 0.15491149819456893, 'norm': 0.14894030794068613, 'temp': 0, 'p1': 1.3956884144921964, 'cellulose': 0.014542749798482475, 'α': 0.0145427505137979, 'ext_l2': 0, 'ext_Gg2': 784545.3488727842, 'ext_L2': 7073104551.032534, 'α0': 0.5543496556472862, 'β0': 0.36665855964695315, 'bg0': 0.03643123254292853, 'bg1': 0.013806073683357001, 'bg2': 0.02501840262536348}",20801.409125162925,True
2570,790,xs0,groups0,"{'thickness': 2.0032852653057196, 'norm': 1.0349854470263107, 'temp': 300.0, 'p1': -3.5657025807960405, 'cellulose': np.float64(0.02749950497815975), 'α': np.float64(0.9725004950218402), 'ext_l2': 0.0, 'ext_Gg2': 1629.059986581447, 'ext_L2': 5727.649440793126, 'α0': 3.67, 'β0': 3.06, 'bg0': 0.15984387032222003, 'bg1': -0.04312947462312877, 'bg2': -0.13581500726286322}","{'thickness': 2.0032852653057196, 'norm': 1.0349854470263107, 'temp': 300.0, 'p1': -3.5657025807960405, 'cellulose': np.float64(0.02749950497815975), 'α': np.float64(0.9725004950218402), 'ext_l2': 0.0, 'ext_Gg2': 1629.059986581447, 'ext_L2': 5727.649440793126, 'α0': 3.6699999999998405, 'β0': 3.059999999999975, 'bg0': 0.15984387032222003, 'bg1': -0.04312947462312877, 'bg2': -0.13581500726286322}","{'thickness': 0.05531467313004713, 'norm': 0.07168724740896446, 'temp': 0, 'p1': 0.14730983598609487, 'cellulose': 0.003939548524358713, 'α': 0.003939548408931552, 'ext_l2': 0, 'ext_Gg2': 49811335.444445774, 'ext_L2': 174988351.04097173, 'α0': 0.5243116323428809, 'β0': 0.34003964684419613, 'bg0': 0.021654900756293873, 'bg1': 0.006409470922229436, 'bg2': 0.019130399594245503}",22105.334953308706,True
3280,290,xs0,groups0,"{'thickness': 0.5697985013394946, 'norm': 0.10074401436125642, 'temp': 300.0, 'p1': -3.565684070820076, 'cellulose': np.float64(0.027499999999999993), 'α': np.float64(0.9725), 'ext_l2': 0.0, 'ext_Gg2': 1.072151327588533, 'ext_L2': 170.89794769165056, 'α0': 3.67, 'β0': 3.06, 'bg0': 0.02903425565455109, 'bg1': -0.028120085480622947, 'bg2': 0.07244079909287393}","{'thickness': 0.5587138286776788, 'norm': 0.1015892685598275, 'temp': 300.0, 'p1': -3.2339410697148594, 'cellulose': np.float64(0.037908249420953284), 'α': np.float64(0.9620917505790467), 'ext_l2': 0.0, 'ext_Gg2': 1.0453126147708103, 'ext_L2': 170.70361612214757, 'α0': 14.49194227605288, 'β0': 38.034411695175244, 'bg0': 0.02904287725687027, 'bg1': -0.0287691755220294, 'bg2': 0.07296883035451174}","{'thickness': 0.2642680878634767, 'norm': 0.028594574296468396, 'temp': 0, 'p1': 3.0397579087347983, 'cellulose': 0.11086366114714652, 'α': 0.11086365764554262, 'ext_l2': 0, 'ext_Gg2': 0.012657027229673653, 'ext_L2': 1.6788091016371895, 'α0': 0.06818975669279893, 'β0': 619.993669970049, 'bg0': 0.05523898400205077, 'bg1': 0.02174177926889013, 'bg2': 0.028759646526097016}",76666.56144616849,True
3460,360,xs0,groups0,"{'thickness': 1.9785074421585493, 'norm': 0.9922621873167566, 'temp': 300.0, 'p1': -3.6223048920652055, 'cellulose': np.float64(0.026025586283397593), 'α': np.float64(0.9739744137166024), 'ext_l2': 0.0, 'ext_Gg2': 143.0825863952756, 'ext_L2': 268890.9989117144, 'α0': 3.67, 'β0': 3.06, 'bg0': -0.0529591531958431, 'bg1': 0.01719984004739672, 'bg2': 0.03843392466660589}","{'thickness': 1.9785074421585493, 'norm': 0.9922621873167566, 'temp': 300.0, 'p1': -3.6223048920652055, 'cellulose': np.float64(0.026025586283397593), 'α': np.float64(0.9739744137166024), 'ext_l2': 0.0, 'ext_Gg2': 143.0825863952756, 'ext_L2': 268890.9989117144, 'α0': 3.6699999999998405, 'β0': 3.059999999999975, 'bg0': -0.0529591531958431, 'bg1': 0.01719984004739672, 'bg2': 0.03843392466660589}","{'thickness': 0.09070667359431195, 'norm': 0.11849322991703873, 'temp': 0, 'p1': 0.2516384975116905, 'cellulose': 0.006378596828586244, 'α': 0.00637859702268085, 'ext_l2': 0, 'ext_Gg2': 24827601.063536685, 'ext_L2': 46645665529.99976, 'α0': 0.6040714472115352, 'β0': 0.12242973472004515, 'bg0': 0.04721452063420643, 'bg1': 0.015779985222735035, 'bg2': 0.0331652688285681}",18666.69832818133,True
3460,890,xs0,groups0,"{'thickness': 4.997142804408549, 'norm': 6.500835592859082, 'temp': 300.0, 'p1': -3.4332611469238294, 'cellulose': np.float64(0.031271987740534225), 'α': np.float64(0.9687280122594657), 'ext_l2': 0.0, 'ext_Gg2': 5.5235401157344155, 'ext_L2': 5.919758992611879, 'α0': 3.67, 'β0': 3.06, 'bg0': -1.6740523278713226e-07, 'bg1': -1.4284159988164902e-07, 'bg2': -1.655425876379013e-07}","{'thickness': 4.997142804408549, 'norm': 6.500835592859082, 'temp': 300.0, 'p1': -3.4332611469238294, 'cellulose': np.float64(0.031271987740534225), 'α': np.float64(0.9687280122594657), 'ext_l2': 0.0, 'ext_Gg2': 5.5235401157344155, 'ext_L2': 5.919758992611879, 'α0': 3.6699999999998405, 'β0': 3.059999999999975, 'bg0': -1.6740523278713226e-07, 'bg1': -1.4284159988164902e-07, 'bg2': -1.655425876379013e-07}","{'thickness': None, 'norm': None, 'temp': None, 'p1': None, 'cellulose': None, 'α': None, 'ext_l2': None, 'ext_Gg2': None, 'ext_L2': None, 'α0': None, 'β0': None, 'bg0': None, 'bg1': None, 'bg2': None}",2930072.410474534,True
3610,280,xs0,groups0,"{'thickness': 2.113459741795738, 'norm': 1.2371641485548532, 'temp': 300.0, 'p1': -3.0910485247909563, 'cellulose': np.float64(0.043478008372121235), 'α': np.float64(0.9565219916278787), 'ext_l2': 0.0, 'ext_Gg2': 0.026308734304980597, 'ext_L2': 10017.314121989695, 'α0': 3.67, 'β0': 3.06, 'bg0': -8.486676961183548e-07, 'bg1': -4.074303433299065e-06, 'bg2': 4.233676008880138e-06}","{'thickness': 2.083248616633782, 'norm': 1.19750579433525, 'temp': 300.0, 'p1': -3.063362540135948, 'cellulose': np.float64(0.04464406764256903), 'α': np.float64(0.955355932357431), 'ext_l2': 0.0, 'ext_Gg2': 0.02591533094564724, 'ext_L2': 10017.723194453154, 'α0': 6.42288712461275, 'β0': 4.144197859384636, 'bg0': -8.486676961183548e-07, 'bg1': -4.074303433299065e-06, 'bg2': 4.233676008880138e-06}","{'thickness': None, 'norm': None, 'temp': None, 'p1': None, 'cellulose': None, 'α': None, 'ext_l2': None, 'ext_Gg2': None, 'ext_L2': None, 'α0': None, 'β0': None, 'bg0': None, 'bg1': None, 'bg2': None}",34818.19209631575,True
3020,210,xs0,groups0,"{'thickness': 1.8961019127110899, 'norm': 0.9362318882910611, 'temp': 300.0, 'p1': -3.338519023906322, 'cellulose': np.float64(0.03427314197542449), 'α': np.float64(0.9657268580245754), 'ext_l2': 0.0, 'ext_Gg2': 193.3594306709191, 'ext_L2': 100643.50717972808, 'α0': 3.67, 'β0': 3.06, 'bg0': 5.727866664528847e-06, 'bg1': -0.000781255541369319, 'bg2': 0.0010035379091277719}","{'thickness': 1.986806662336991, 'norm': 1.0483055956618796, 'temp': 300.0, 'p1': -3.2286337454472616, 'cellulose': np.float64(0.03810228940224199), 'α': np.float64(0.9618977105977581), 'ext_l2': 0.0, 'ext_Gg2': 276.2138008123377, 'ext_L2': 108131.08222185385, 'α0': 3.9066407913058603, 'β0': 3.081801041252616, 'bg0': 5.727866664528847e-06, 'bg1': -0.0016438692109659314, 'bg2': 0.0014734688447788358}","{'thickness': None, 'norm': None, 'temp': None, 'p1': None, 'cellulose': None, 'α': None, 'ext_l2': None, 'ext_Gg2': None, 'ext_L2': None, 'α0': None, 'β0': None, 'bg0': None, 'bg1': None, 'bg2': None}",8313.024603969192,True
3000,880,xs0,groups0,"{'thickness': 1.975908806945159, 'norm': 0.9869154839164591, 'temp': 300.0, 'p1': -3.565685549199584, 'cellulose': np.float64(0.027499960462615654), 'α': np.float64(0.9725000395373844), 'ext_l2': 0.0, 'ext_Gg2': 154.84158720668552, 'ext_L2': 157443.1216810548, 'α0': 3.67, 'β0': 3.06, 'bg0': -0.07040946639608592, 'bg1': 0.025698455167002976, 'bg2': 0.04821467958390713}","{'thickness': 1.9604949168083743, 'norm': 0.9792218834288229, 'temp': 300.0, 'p1': -3.5690008165302327, 'cellulose': np.float64(0.02741143665624072), 'α': np.float64(0.9725885633437593), 'ext_l2': 0.0, 'ext_Gg2': 60.27003772296147, 'ext_L2': 157444.43884300117, 'α0': 1.9961627921357337, 'β0': 2.743453781184538, 'bg0': -0.07383914361707866, 'bg1': 0.0286533028120175, 'bg2': 0.047484781011007726}","{'thickness': 0.18800156587415942, 'norm': 0.29172138188216706, 'temp': 0, 'p1': 0.8529541011484087, 'cellulose': 0.022739798791661124, 'α': 0.022739798179575978, 'ext_l2': 0, 'ext_Gg2': 3758534.828177846, 'ext_L2': 9858630862.32234, 'α0': 0.38057025240596176, 'β0': 0.5484337109780794, 'bg0': 0.054890919401151005, 'bg1': 0.014101510756756312, 'bg2': 0.049981429077693}",61739.12380102895,True
2560,680,xs0,groups0,"{'thickness': 2.236560725688092, 'norm': 1.4114861078250316, 'temp': 300.0, 'p1': -3.0630671454804155, 'cellulose': np.float64(0.04465666820740465), 'α': np.float64(0.9553433317925955), 'ext_l2': 0.0, 'ext_Gg2': 205.70646125910085, 'ext_L2': 74144.74222458617, 'α0': 3.67, 'β0': 3.06, 'bg0': 0.29103877244051546, 'bg1': -0.08013093296904117, 'bg2': -0.2409299217397347}","{'thickness': 2.157307843725941, 'norm': 1.2687722315308527, 'temp': 300.0, 'p1': -3.189580609939087, 'cellulose': np.float64(0.03955971109074349), 'α': np.float64(0.9604402889092565), 'ext_l2': 0.0, 'ext_Gg2': 4774.965924418781, 'ext_L2': 6543.370957548534, 'α0': 7.51059654376838, 'β0': 3.6214991342280127, 'bg0': 0.35266484471503645, 'bg1': -0.10210405802354217, 'bg2': -0.2892281968379393}","{'thickness': 0.06794282342902173, 'norm': 0.1049246634797438, 'temp': 0, 'p1': 0.08866423434373825, 'cellulose': 0.003368774550665092, 'α': 0.0033687745959708145, 'ext_l2': 0, 'ext_Gg2': 168324.52201289314, 'ext_L2': 233598.96256084676, 'α0': 1.9619593203080052, 'β0': 0.4658069007970902, 'bg0': 0.10400081495001637, 'bg1': 0.0329098655096283, 'bg2': 0.08195674497066771}",24122.290029120777,True
2760,910,xs0,groups0,"{'thickness': 2.0139085272020854, 'norm': 0.8614430557697974, 'temp': 300.0, 'p1': -4.839440849419468, 'cellulose': np.float64(0.007849376364933255), 'α': np.float64(0.9921506236350667), 'ext_l2': 0.0, 'ext_Gg2': 307.527990907841, 'ext_L2': 52456.79308325935, 'α0': 3.67, 'β0': 3.06, 'bg0': -0.03331543202511966, 'bg1': 0.0131329414434731, 'bg2': 0.03909039357677102}","{'thickness': 2.00284302074144, 'norm': 0.8060025275235194, 'temp': 300.0, 'p1': -6.925551582411498, 'cellulose': np.float64(0.0009813970292893378), 'α': np.float64(0.9990186029707105), 'ext_l2': 0.0, 'ext_Gg2': 338.5099725166219, 'ext_L2': 57772.1112867956, 'α0': 4.792663531881513, 'β0': 3.525186385026027, 'bg0': -0.03523106744978577, 'bg1': 0.012047716183587909, 'bg2': 0.04666623438242823}","{'thickness': 0.1129806048692332, 'norm': 0.05422126113866362, 'temp': 0, 'p1': 0.00787547122768115, 'cellulose': 7.721378903168192e-06, 'α': 7.72137908519486e-06, 'ext_l2': 0, 'ext_Gg2': 131582828.91692661, 'ext_L2': 22440987142.26631, 'α0': 0.7434236115132437, 'β0': 0.3642673151558642, 'bg0': 0.023555087199715982, 'bg1': 0.008080473759725312, 'bg2': 0.012997507744430434}",18156.459229813634,True
2050,600,xs0,groups0,"{'thickness': 0.1460391815302109, 'norm': 0.1151412549614883, 'temp': 300.0, 'p1': 2.7950804216786658, 'cellulose': np.float64(0.9424093996872585), 'α': np.float64(0.057590600312741505), 'ext_l2': 0.0, 'ext_Gg2': 1634.5342539780133, 'ext_L2': 387897.3385533439, 'α0': 3.67, 'β0': 3.06, 'bg0': 0.0006068570073693991, 'bg1': -0.016218747477978468, 'bg2': 0.03763028047978878}","{'thickness': 0.14673703026687634, 'norm': 0.11517266747826069, 'temp': 300.0, 'p1': 3.0474868636955748, 'cellulose': np.float64(0.9546739031592523), 'α': np.float64(0.045326096840747745), 'ext_l2': 0.0, 'ext_Gg2': 5.284674673282641, 'ext_L2': 11000.252590969872, 'α0': 10.390012054391343, 'β0': 0.7415855889741338, 'bg0': 0.0006363621214404702, 'bg1': -0.016346263699233532, 'bg2': 0.03788999980315566}","{'thickness': 0.31531034414293063, 'norm': 0.08068140090721607, 'temp': 0, 'p1': 49.302690899292664, 'cellulose': 2.133408371546416, 'α': 2.1334083753131847, 'ext_l2': 0, 'ext_Gg2': 790949.2726963961, 'ext_L2': 540565914.5617974, 'α0': 2131.2773751857276, 'β0': 6.3551653225211835, 'bg0': 0.005942208949094386, 'bg1': 0.016354685626143717, 'bg2': 0.04772014678109564}",211947.07362491218,True
3540,670,xs0,groups0,"{'thickness': 2.063963280585333, 'norm': 1.1217431414461856, 'temp': 300.0, 'p1': -3.435272701440047, 'cellulose': np.float64(0.031211107029632913), 'α': np.float64(0.9687888929703671), 'ext_l2': 0.0, 'ext_Gg2': 203.2867829411178, 'ext_L2': 30786.9039277347, 'α0': 3.67, 'β0': 3.06, 'bg0': -4.4871470890939236e-05, 'bg1': -9.152665734291077e-05, 'bg2': 1.5420722775161266e-05}","{'thickness': 2.03154989431857, 'norm': 1.0795961277758295, 'temp': 300.0, 'p1': -3.4907340601879433, 'cellulose': np.float64(0.029577027739724687), 'α': np.float64(0.9704229722602753), 'ext_l2': 0.0, 'ext_Gg2': 0.7282009789438826, 'ext_L2': 2871.3721711390303, 'α0': 2.4327936145384705, 'β0': 3.4108976125581623, 'bg0': -4.4871470890939236e-05, 'bg1': -9.152665734291077e-05, 'bg2': 1.5420722775161266e-05}","{'thickness': None, 'norm': None, 'temp': None, 'p1': None, 'cellulose': None, 'α': None, 'ext_l2': None, 'ext_Gg2': None, 'ext_L2': None, 'α0': None, 'β0': None, 'bg0': None, 'bg1': None, 'bg2': None}",68676.66822566108,True
3470,60,xs0,groups0,"{'thickness': 1.9150240717892977, 'norm': 0.7866125986638361, 'temp': 300.0, 'p1': -7.265536382887905, 'cellulose': np.float64(0.0006987375405849756), 'α': np.float64(0.9993012624594151), 'ext_l2': 0.0, 'ext_Gg2': 5053.28838899805, 'ext_L2': 5581.801774643624, 'α0': 3.67, 'β0': 3.06, 'bg0': -0.019284792942926288, 'bg1': 0.0008020517416298389, 'bg2': 0.03487216052599251}","{'thickness': 1.9364081539517595, 'norm': 0.7920389047725876, 'temp': 300.0, 'p1': -11.813963862860192, 'cellulose': np.float64(7.400438791774422e-06), 'α': np.float64(0.9999925995612082), 'ext_l2': 0.0, 'ext_Gg2': 5488.979794526765, 'ext_L2': 6013.191745851187, 'α0': 4.923750880507726, 'β0': 3.215584302556009, 'bg0': -0.016214860952459276, 'bg1': -0.0006481993477791548, 'bg2': 0.034872046555392444}","{'thickness': 0.035371316329580425, 'norm': 0.028056772294531337, 'temp': 0, 'p1': 417.29780145153023, 'cellulose': 0.0030881639921596584, 'α': 0.0030879350232937753, 'ext_l2': 0, 'ext_Gg2': 26952929.821551092, 'ext_L2': 29699765.41366019, 'α0': 0.008092597843115145, 'β0': 0.09327470086422252, 'bg0': 0.00809351603563184, 'bg1': 0.002796095732496006, 'bg2': 0.005523602419960712}",124.46864469007518,True
3980,300,xs0,groups0,"{'thickness': 2.9303928582520578, 'norm': 3.1730040527201804, 'temp': 300.0, 'p1': -3.0892441648872158, 'cellulose': np.float64(0.04355310934099624), 'α': np.float64(0.9564468906590037), 'ext_l2': 0.0, 'ext_Gg2': 3.5310829513285347, 'ext_L2': 324.00106344776526, 'α0': 3.67, 'β0': 3.06, 'bg0': -0.00031056359875947237, 'bg1': -0.00043945061042904854, 'bg2': -3.6491663195192814e-05}","{'thickness': 3.0564021512931028, 'norm': 3.8162037453497213, 'temp': 300.0, 'p1': -3.017936747485539, 'cellulose': np.float64(0.04662209720779876), 'α': np.float64(0.9533779027922012), 'ext_l2': 0.0, 'ext_Gg2': 3.259400826335357, 'ext_L2': 353.043658096075, 'α0': 1.1578607386505533, 'β0': 1.767030856703644, 'bg0': -0.0003105646464973688, 'bg1': -0.00043945061042904854, 'bg2': -3.6491663195192814e-05}","{'thickness': None, 'norm': None, 'temp': None, 'p1': None, 'cellulose': None, 'α': None, 'ext_l2': None, 'ext_Gg2': None, 'ext_L2': None, 'α0': None, 'β0': None, 'bg0': None, 'bg1': None, 'bg2': None}",54299.467161531065,True
3850,870,xs0,groups0,"{'thickness': 2.2728219018722764, 'norm': 1.464969029852259, 'temp': 300.0, 'p1': -3.063022157355906, 'cellulose': np.float64(0.04465858755034325), 'α': np.float64(0.9553414124496566), 'ext_l2': 0.0, 'ext_Gg2': 7026.174864098754, 'ext_L2': 5393.532909623244, 'α0': 3.67, 'β0': 3.06, 'bg0': -2.6743332956684753, 'bg1': 0.7406976278871298, 'bg2': 1.7516766062472016}","{'thickness': 2.2661477164806874, 'norm': 1.4505691276989847, 'temp': 300.0, 'p1': -3.2082178054488466, 'cellulose': np.float64(0.0388576406958114), 'α': np.float64(0.9611423593041887), 'ext_l2': 0.0, 'ext_Gg2': 482.21753066707674, 'ext_L2': 29459.39356762095, 'α0': 0.813334960406518, 'β0': 2.082112299853249, 'bg0': -2.6743332956684753, 'bg1': 0.7406976278871298, 'bg2': 1.7516766062472016}","{'thickness': None, 'norm': None, 'temp': None, 'p1': None, 'cellulose': None, 'α': None, 'ext_l2': None, 'ext_Gg2': None, 'ext_L2': None, 'α0': None, 'β0': None, 'bg0': None, 'bg1': None, 'bg2': None}",212365.64977587972,True
2500,890,xs0,groups0,"{'thickness': 3.455866687982243, 'norm': 6.360512903021678, 'temp': 300.0, 'p1': -2.3343788875035116, 'cellulose': np.float64(0.08831545729378737), 'α': np.float64(0.9116845427062127), 'ext_l2': 0.0, 'ext_Gg2': 8925.574926741821, 'ext_L2': 27886.55451822558, 'α0': 3.67, 'β0': 3.06, 'bg0': 8.70309304445982e-06, 'bg1': -0.02171692403499037, 'bg2': 0.018157524871639907}","{'thickness': 3.483999956436822, 'norm': 6.642312769309623, 'temp': 300.0, 'p1': -2.3343783488958163, 'cellulose': np.float64(0.08831550066024654), 'α': np.float64(0.9116844993397535), 'ext_l2': 0.0, 'ext_Gg2': 8752.67195309962, 'ext_L2': 27364.09687109598, 'α0': 2.649110913810286, 'β0': 4.658466241131052, 'bg0': 8.70309304445982e-06, 'bg1': -0.02171692403499037, 'bg2': 0.018157524871639907}","{'thickness': None, 'norm': None, 'temp': None, 'p1': None, 'cellulose': None, 'α': None, 'ext_l2': None, 'ext_Gg2': None, 'ext_L2': None, 'α0': None, 'β0': None, 'bg0': None, 'bg1': None, 'bg2': None}",219676.52145394776,True
3740,130,xs0,groups0,"{'thickness': 1.9656808219898625, 'norm': 0.9908808522656758, 'temp': 300.0, 'p1': -3.647893107374859, 'cellulose': np.float64(0.025384776480664673), 'α': np.float64(0.9746152235193354), 'ext_l2': 0.0, 'ext_Gg2': 312.77075793285644, 'ext_L2': 39450.19505894898, 'α0': 3.67, 'β0': 3.06, 'bg0': -1.2217788025736809e-06, 'bg1': 0.0010525857796892524, 'bg2': -0.001449837232939899}","{'thickness': 1.9261922018405562, 'norm': 0.9403670553594148, 'temp': 300.0, 'p1': -3.7793117720595397, 'cellulose': np.float64(0.022328457706510037), 'α': np.float64(0.9776715422934898), 'ext_l2': 0.0, 'ext_Gg2': 434.7205301580304, 'ext_L2': 26353.902725737677, 'α0': 3.378676557810751, 'β0': 2.8511059409877273, 'bg0': -1.2217788025736809e-06, 'bg1': -0.0002250265097245574, 'bg2': -0.0003418303094804287}","{'thickness': None, 'norm': None, 'temp': None, 'p1': None, 'cellulose': None, 'α': None, 'ext_l2': None, 'ext_Gg2': None, 'ext_L2': None, 'α0': None, 'β0': None, 'bg0': None, 'bg1': None, 'bg2': None}",1383.303970085451,True
